91.214.22.25,DK
2.22.54.72,NL
151.101.38.217,NL
52.222.139.69,NL
151.101.37.91,NL
52.222.139.42,NL
46.29.240.120,NL
34.90.212.96,NL
37.48.76.235,NL
185.76.10.3,NL
145.94.156.7,NL
142.250.179.132,NL
142.251.36.36,NL
142.251.39.110,NL
146.75.121.140,DE
104.244.42.136,US
93.184.220.66,PL
192.229.233.50,US
142.250.179.131,NL
185.199.108.154,US
185.199.109.154,US
185.199.111.154,US
185.199.108.133,US
140.82.121.4,DE
142.250.179.161,NL
142.251.36.14,NL
142.250.179.163,NL
142.251.36.35,NL
142.250.179.195,NL
142.251.39.99,NL
142.251.36.3,NL
20.190.159.73,IE
104.126.36.163,DE
3.251.2.102,IE
35.241.46.245,US
34.120.52.64,US
34.117.138.150,US
45.57.91.1,US
3.251.50.149,IE
104.19.187.97,US
198.38.114.175,NL
198.38.114.195,NL
198.38.114.184,NL
198.38.114.171,NL
198.38.115.183,NL
54.171.227.38,IE
45.57.41.1,US
198.38.115.177,NL
198.38.115.165,NL
198.38.115.184,NL
145.94.121.50,NL
142.250.179.164,NL
216.58.214.3,NL
104.26.6.157,US
104.26.7.157,US
142.250.179.136,NL
192.38.84.35,DK
104.17.224.78,US
172.67.186.245,US
162.159.138.60,US
142.250.179.170,NL
172.67.27.152,US
146.75.122.109,DE
34.120.202.204,US
145.32.64.9,NL
142.251.36.46,NL
151.139.128.10,US
142.251.36.33,NL
142.250.179.130,NL
178.250.1.10,NL
178.250.7.12,FR
178.250.1.17,NL
178.250.1.3,NL
178.250.1.6,NL
178.250.0.67,FR
216.58.214.2,NL
15.197.193.217,US
142.251.36.34,NL
104.18.24.173,US
178.250.1.25,NL
178.250.0.81,FR
142.250.179.138,NL
151.101.65.69,US
192.0.73.2,US
146.75.116.193,DE
151.101.129.69,US
142.250.179.193,NL
142.251.39.98,NL
194.181.92.100,PL
104.17.24.14,US
82.117.137.222,CZ
142.251.36.40,NL
18.65.39.91,NL
34.120.195.249,US
18.65.39.19,NL
104.16.192.226,US
104.16.193.226,US
18.65.39.26,NL
104.17.45.20,US
104.17.46.20,US
142.250.179.162,NL
52.142.116.119,IE
89.161.253.98,PL
185.17.215.70,CZ
212.85.107.220,PL
